centro_cultural_id,centro_cultural_nombre,centro_cultural_fecha_fundacion,centro_cultural_adscripcion,estado_id,nom_ent,municipio_id,nom_mun,localidad_id,nom_loc,centro_cultural_calle_numero,centro_cultural_colonia,centro_cultural_cp,centro_cultural_telefono1,pagina_web,email,gmaps_longitud,gmaps_latitud,link_sic,fecha_mod
289,"Centro Regional de Cultura de Acambay Dr. Maximiliano Ruiz Castañeda","1978-11-01","Secretaría de Cultura y Turismo  del Gobierno del  Estado de México/Dirección de Patrimonio y Servicios Culturales del Valle de Toluca",15,"México",1,"Acambay de Ruíz Castañeda",1,"Villa de Acambay de Ruíz Castañeda","Dra. María Luisa Ochoa de Ruiz Castañeda 9","Centro","50300","718 127 06 64","https://patrimonioyserviciosc.edomex.gob.mx/acambay","acambayimc@yahoo.com.mx",-99.84527,19.95399,"http://sic.gob.mx/ficha.php?table=centro_cultural&table_id=289","2024-09-06 13:14:10-06"
367,"Casa de Cultura Aculmaitl","1992-01-01","Ayuntamiento de Acolman",15,"México",2,"Acolman",1,"Acolman de Nezahualcóyotl","Calz. de los Agustinos s/n","Centro","55870","(595) 957 00 50 ext. 138","","comunicacionsocial@acolman.gob.mx",-98.91201,19.63406,"http://sic.gob.mx/ficha.php?table=centro_cultural&table_id=367","2019-11-11 05:01:14-06"
959,"Casa de Cultura Aculco","1996-12-10","Ayuntamiento de Aculco",15,"México",3,"Aculco",1,"Aculco de Espinoza","Av. Manuel del Mazo 4 esq. Pípila","Centro","50360","7121439626","http://aculco.azurewebsites.net/Casa_de_cultura.html","educacionycultura.aculco2224@gmail.com",-99.8274,20.09893,"http://sic.gob.mx/ficha.php?table=centro_cultural&table_id=959","2023-07-14 04:39:48-06"
2218,"Casa de Cultura Lic. César Camacho Quiroz","2000-08-01","Ayuntamiento de Almoloya de Alquisiras",15,"México",4,"Almoloya de Alquisiras",1,"Almoloya de Alquisiras","Benito Juárez s/n","Col. Saltepec","51860","716 144 51 96","","casadeculturaalmoloyadealquisiras2019@hotmail.com",0,0,"http://sic.gob.mx/ficha.php?table=centro_cultural&table_id=2218","2021-08-23 06:48:09-05"
2220,"Casa de Cultura Ignacio Manuel Altamirano","1980-04-13","Ayuntamiento de Almoloya del Río",15,"México",6,"Almoloya del Río",1,"Almoloya del Río","Plaza Chignahuapan s/n","Centro","52540","713 131 79 11","https://almoloyadelrio.gob.mx/casa-de-cultura-de-almoloya-del-rio/","casadecultalmoloya@gmail.com; presidencia@almoloyadelrio.gob.mx",-99.48889,19.15949,"http://sic.gob.mx/ficha.php?table=centro_cultural&table_id=2220","2025-05-22 12:53:44-06"
406,"Casa de Cultura Ricardo García Álvarez","1994-03-01","Ayuntamiento de Amanalco",15,"México",7,"Amanalco",1,"Amanalco de Becerra","Emilio R. Becerril s/n esq. Onécimo Reyes","Centro","51260","726 251 01 94","","",0,0,"http://sic.gob.mx/ficha.php?table=centro_cultural&table_id=406","2021-04-21 05:13:08-05"
2221,"Casa de Cultura Municipal Profr. Enrique Gómez García","1995-01-06","Ayuntamiento de Amatepec",15,"México",8,"Amatepec",1,"Amatepec","Hidalgo 24","Centro","50500","722 155 7924","","espe53@icloud.com",-100.18722,18.68456,"http://sic.gob.mx/ficha.php?table=centro_cultural&table_id=2221","2023-07-27 07:11:09-06"
3872,"Casa del Pueblo Amecameca","2022-12-07","Gobierno Municipal de Amecameca",15,"México",9,"Amecameca",1,"Amecameca de Juárez","Carr. a Ayapango 5","Col. Sector Sacromonte","56900","","","casadelpueblo63@gmail.com",-98.77535,19.13204,"http://sic.gob.mx/ficha.php?table=centro_cultural&table_id=3872","2025-05-19 12:40:14-06"
1246,"Centro Regional de Cultura de  Apaxco","1989-09-01","Secretaría de Cultura y Turismo del Gobierno del Estado de México/Dirección de Patrimonio y Servicios Culturales del Valle de Toluca",15,"México",10,"Apaxco",1,"Apaxco de Ocampo","Plaza Melchor Ocampo s/n","Centro","55660","599 998 21 79 ","https://patrimonioyserviciosc.edomex.gob.mx/apaxco","apaxcoimc@yahoo.com",-99.1746,19.97633,"http://sic.gob.mx/ficha.php?table=centro_cultural&table_id=1246","2024-09-06 13:13:37-06"
568,"Centro Cultural Atenco José Enrique Espinoza Suárez","20015-09-01","Ayuntamiento de Atenco",15,"México",11,"Atenco",1,"San Salvador Atenco","27 de Septiembre s/n","Centro","56300","595 953 28 88","https://atencoedomex.gob.mx/","dir.educacion.cultura.atenco22.24@gmail.com",-98.91674,19.55239,"http://sic.gob.mx/ficha.php?table=centro_cultural&table_id=568","2025-05-15 12:01:19-06"
304,"Casa de la Cultura Agua Blanca","1995-09-01","Ayuntamiento de Atizapán",15,"México",12,"Atizapán",1,"Santa Cruz Atizapán","5 de Febrero 43 esq. Leona Vicario","Centro","52500","(713) 131 92 15","","lazaro_0729@yahoo.com.mx",0,0,"http://sic.gob.mx/ficha.php?table=centro_cultural&table_id=304","2017-07-25 12:39:18-05"
408,"Centro Regional de Cultura Atizapán de Zaragoza Lic. Adolfo López Mateos","1995-09-22","Secretaría de Cultura y Turismo del Gobierno del Estado de México/Dirección de Patrimonio y Servicios Culturales del Valle de Toluca",15,"México",13,"Atizapán de Zaragoza",1,"Ciudad López Mateos","Av. San Mateo 42","Col. San Juan Bosco","52946","55 5370 9879","https://patrimonioyserviciosc.edomex.gob.mx/atizapan_zaragoza","atizapanimc@yahoo.com.mx",-99.23553,19.57263,"http://sic.gob.mx/ficha.php?table=centro_cultural&table_id=408","2024-09-06 13:14:51-06"
3859,"Centro Cultural La Cuadra de Luis Barragán","2025-10-01","Fundación Fernando Romero, AC",15,"México",13,"Atizapán de Zaragoza",1,"Ciudad López Mateos","Av. Juárez 59","Los Clubes","52957","+52 55 3484 3346","https://lacuadrabarragan.org/","",-99.22586,19.57548,"http://sic.gob.mx/ficha.php?table=centro_cultural&table_id=3859","2025-02-10 14:29:49-06"
3311,"Centro Cultural Calacoaya","2015-07-27","",15,"México",13,"Atizapán de Zaragoza",1,"Ciudad López Mateos","Camino Real de Calacoaya 66","","52990","55 5397 7016","","centro_cultural_calacoaya@hotmail.com",-99.235,19.54317,"http://sic.gob.mx/ficha.php?table=centro_cultural&table_id=3311","2022-09-03 10:45:49-05"
1247,"Centro Regional de Cultura de Atlacomulco Lic. Isidro Fabela","1969-09-13","Secretaría de Cultura y Turismo del Gobierno del Estado de México/Dirección de Patrimonio y Servicios Culturales del Valle de Toluca",15,"México",14,"Atlacomulco",1,"Atlacomulco de Fabela","Plaza de la Constitución 1","Centro","50450","(712) 122 02 11","https://patrimonioyserviciosc.edomex.gob.mx/atlacomulco","atlacomulcoimc@yahoo.com.mx",-99.87377,19.79849,"http://sic.gob.mx/ficha.php?table=centro_cultural&table_id=1247","2024-09-06 13:16:05-06"
305,"Casa de Cultura Atlauhpanecatl","1994-05-02","Ayuntamiento de Atlautla",15,"México",15,"Atlautla",1,"Atlautla de Victoria","Plaza de la Constitución s/n","Barrio San Jacinto","56970","597 976 23 60","https://www.atlautla.gob.mx/","ayuntamientoatlautla2022.2024@gmail.com",0,0,"http://sic.gob.mx/ficha.php?table=centro_cultural&table_id=305","2023-07-24 08:52:18-06"
306,"Casa de Cultura Toltecapan","1996-11-10","Ayuntamiento de Axapusco",15,"México",16,"Axapusco",1,"Axapusco","Los Hornos s/n","Barrio de San Bartolo Bajo","55940","592 922 12 40 ext. 129","","culturaxapusco@hotmail.com",0,0,"http://sic.gob.mx/ficha.php?table=centro_cultural&table_id=306","2021-09-14 10:59:31-05"
307,"Casa Cultura Aquiauhtzin ","1987-09-03","Ayuntamiento de Ayapango",15,"México",17,"Ayapango",1,"Ayapango de Gabriel Ramos M.","Jaime Nunó s/n esq. 20 de Noviembre","Col. La Capilla","56760","597 982 41 49","","educacioncultura@ayapango.gob.mx",-98.80132,19.12639,"http://sic.gob.mx/ficha.php?table=centro_cultural&table_id=307","2023-07-12 05:23:47-06"
308,"Casa de Cultura de Calimaya","1983-01-01","Ayuntamiento de Calimaya",15,"México",18,"Calimaya",1,"Calimaya de Díaz González","Juárez s/n","Centro","52200","722 171 52 02","https://calimaya.gob.mx/","casdeculytrad2224.calimaya@gmail; cultura.tradicion.turismo@calimaya.gob.mx",-99.61861,19.16323,"http://sic.gob.mx/ficha.php?table=centro_cultural&table_id=308","2023-08-08 02:13:02-06"
2389,"Casa de Cultura Leona Vicario","2010-04-16","Ayuntamiento de Capulhuac",15,"México",19,"Capulhuac",4,"San Miguel Almaya","Progreso s/n","","52700","Cel. (713) 138 56 69","","",0,0,"http://sic.gob.mx/ficha.php?table=centro_cultural&table_id=2389","2017-07-25 12:27:33-05"
75,"Casa de Cultura Calmecac","1980-01-01","Ayuntamiento de Coacalco",15,"México",20,"Coacalco de Berriozábal",1,"San Francisco Coacalco","Av. Hidalgo s/n esq. 16 de Septiembre","Centro","55700","55 5898 9993 ext. 9077","https://coacalco.gob.mx/","casadecultura@coacalco.gob.mx",0,0,"http://sic.gob.mx/ficha.php?table=centro_cultural&table_id=75","2023-07-24 06:37:07-06"
3352,"Centro Cultural Baálamk'aan House Theater","1000-01-01","",15,"México",20,"Coacalco de Berriozábal",1,"San Francisco Coacalco","Calle Ixtlememelixtle 38","","55700","55 2128 2349","","",-99.10657,19.63405,"http://sic.gob.mx/ficha.php?table=centro_cultural&table_id=3352","2021-07-27 08:36:24-05"
74,"Casa de la Cultura Coatepec Harinas","2001-04-05","Ayuntamiento de Coatepec Harinas",15,"México",21,"Coatepec Harinas",1,"Coatepec Harinas","Mariano Abasolo s/n esq. Álvaro Obregón","Barrio Segunda de Santa Ana","51700","723 145 03 60","","marthaymarco@yahoo.es",0,0,"http://sic.gob.mx/ficha.php?table=centro_cultural&table_id=74","2021-09-22 11:09:51-05"
411,"Casa de Cultura Cocotli","1987-12-01","Ayuntamiento de Cocotitlán",15,"México",22,"Cocotitlán",1,"Cocotitlán","Plaza 12 de Diciembre s/n","Barrio Techichilco","56680","55 5982 2045     ","","casadecultura@gobiernodecocotitlan2022-2024.com.mx",-98.86565,19.23612,"http://sic.gob.mx/ficha.php?table=centro_cultural&table_id=411","2024-08-05 13:46:24-06"
2230,"Casa de Cultura Nezahualcóyotl","1994-07-01","Ayuntamiento de Coyotepec",15,"México",23,"Coyotepec",1,"Coyotepec","Constitución s/n","Barrio Chautonco","54660","(593) 915 12 40","","jc_bataca@yahoo.com.mx",0,0,"http://sic.gob.mx/ficha.php?table=centro_cultural&table_id=2230","2017-07-24 10:59:40-05"
413,"Casa de la Cultura Luis Nishizawa Flores","1988-12-01","Ayuntamiento de Cuautitlán",15,"México",24,"Cuautitlán",1,"Cuautitlán","16 de Septiembre 209-A","Centro","54800","55 5870 2192","https://www.allbiz.mx/casa-de-cultura-%22luis-nishizawa-flores%22-55-5870-2192","",-99.1812,19.6683,"http://sic.gob.mx/ficha.php?table=centro_cultural&table_id=413","2024-02-12 04:08:37-06"
2231,"Centro Regional de Cultura de Chalco Chimalpahín","1978-11-15","Secretaría de Cultura y Turismo del Gobierno del Estado de México/Dirección de Patrimonio y Servicios Culturales del Valle de Toluca",15,"México",25,"Chalco",1,"Chalco de Díaz Covarrubias","Av. Cuauhtémoc Pte. 2","Chalco Centro","56600","55 5975 3253","https://patrimonioyserviciosc.edomex.gob.mx/chalco","chalcoimc@yahoo.com.mx",-98.89978,19.26402,"http://sic.gob.mx/ficha.php?table=centro_cultural&table_id=2231","2024-09-06 13:16:45-06"
2234,"Casa de Cultura Lic. Julián Díaz Arias","1992-09-05","Ayuntamiento de Chapultepec",15,"México",27,"Chapultepec",1,"Chapultepec","Av. Libertad s/n","Centro","52240","Cel. (722) 836 21 71","","azul_elr25@hotmail.com",0,0,"http://sic.gob.mx/ficha.php?table=centro_cultural&table_id=2234","2017-07-25 12:28:49-05"
315,"Casa de Cultura Chiautla","1992-01-01","Ayuntamiento de Chiautla",15,"México",28,"Chiautla",1,"Chiautla","Plaza de la Constitución s/n","Centro","56030","595 952 05 50 ext. 214","","chiautlaayuntamiento@gmail.com",0,0,"http://sic.gob.mx/ficha.php?table=centro_cultural&table_id=315","2023-07-26 08:13:55-06"
950,"Casa de la Cultura Chicoloapan","1989-08-08","Ayuntamiento de Chicoloapan",15,"México",29,"Chicoloapan",1,"Chicoloapan de Juárez","Emiliano Zapata s/n esq. Prol.  Moctezuma","Col. Auris 1","56370","55 5921 5046 ","http://www.chicoloapan.gob.mx/","presidenciamunicipal@chicoloapan.gob.mx",0,0,"http://sic.gob.mx/ficha.php?table=centro_cultural&table_id=950","2020-11-27 13:37:08-06"
960,"Casa de Cultura Chiconcuac","1997-10-17","Ayuntamiento de Chiconcuac",15,"México",30,"Chiconcuac",1,"Chiconcuac de Juárez","Del Trabajo s/n","Col. Las Joyas","56270","595 953 34 50","","claudiafm@hotmail.com; dir_cultura@hotmail.com",0,0,"http://sic.gob.mx/ficha.php?table=centro_cultural&table_id=960","2023-07-26 08:25:48-06"
961,"Casa de Cultura Chimalhuacán","1986-01-03","Ayuntamiento de Chimalhuacán",15,"México",31,"Chimalhuacán",1,"Chimalhuacán","Av. Vicente Guerrero esq. Morelos s/n","Col. Santa María Chimalhuacán","56330","55 5852 1750","https://experiencia.edomex.gob.mx/recursos_turisticos/mostrarDetalleRecursos/1216","relacionespublicas@correo.cnart.mx ",-98.9456,19.41813,"http://sic.gob.mx/ficha.php?table=centro_cultural&table_id=961","2024-05-29 12:21:01-06"
414,"Casa de Cultura Lic. Adolfo López Mateos","1987-12-01","Ayuntamiento de Donato Guerra/Dirección de Cultura",15,"México",32,"Donato Guerra",1,"Villa Donato Guerra","Porfirio Díaz 1 esq. Allende","Centro","51030","726 110 16 48","","jmmontoya11@hotmail.com",-100.14325,19.30842,"http://sic.gob.mx/ficha.php?table=centro_cultural&table_id=414","2024-06-04 11:55:19-06"
1033,"Centro Cultural del ISSSTE de Ecatepec","1998-11-18","Instituto de Seguridad y Servicios Sociales de los Trabajadores del Estado (ISSSTE)",15,"México",33,"Ecatepec de Morelos",1,"Ecatepec de Morelos","Av. Sinaloa s/n esq. Colima","Col. Santa María Tulpetlac Ecatepec","55400","555 140 9617 ext. 26350","http://www.issste.gob.mx","biblioteca35ecatepecissste@hotmail.com",-99.05169,19.56528,"http://sic.gob.mx/ficha.php?table=centro_cultural&table_id=1033","2024-02-28 04:58:03-06"
1357,"Centro Regional de Cultura de Ecatepec José María Morelos y Pavón","1981-08-27","Secretaría de Cultura y Turismo del Gobierno del Estado de México/Dirección de Patrimonio y Servicios Culturales del Valle de Toluca",15,"México",33,"Ecatepec de Morelos",1,"Ecatepec de Morelos","Plaza Juárez 1, Benito Juárez esq. Vicente Villada","Col. Ciudad de San Cristóbal, Centro","55000","55 5787 8297","https://patrimonioyserviciosc.edomex.gob.mx/ecatepec","ccregionalecatepec.scd.edomex@gmail.com",-99.04759,19.59958,"http://sic.gob.mx/ficha.php?table=centro_cultural&table_id=1357","2024-09-06 13:23:51-06"
2628,"Centro Cultural y Recreativo de Ecatepec","2011-05-12","Secretaría de Cultura del Estado de México",15,"México",33,"Ecatepec de Morelos",1,"Ecatepec de Morelos","Av. Tecnológico s/n, esq. Calle Marte","Valle de Anáhuac","55210","55 5120 5991","https://patrimonioyserviciosc.edomex.gob.mx/ccr","ccyre.scd.edomex@gmail.com",-99.04497,19.51207,"http://sic.gob.mx/ficha.php?table=centro_cultural&table_id=2628","2024-06-21 13:17:40-06"
883,"Casa de Cultura Pedro Patiño Ixtolique","2000-01-01","Ayuntamiento de Ecatzingo",15,"México",34,"Ecatzingo",1,"Ecatzingo de Hidalgo","Plaza de la Constitución 1","Barrio San José","56990","597 109 11 80 ","","atiane39@gmail.com",0,0,"http://sic.gob.mx/ficha.php?table=centro_cultural&table_id=883","2023-08-07 07:47:07-06"
3453,"Centro Socio Cultural El Dorado","1000-01-01","Ayuntamiento de Huehuetoca/Dirección de Educación y Fomento a la Cultura",15,"México",35,"Huehuetoca",1,"Huehuetoca","Av. Azteca s/n","Fracc. El Dorado","54683","55 2118 9373","","mayela.marind@gmail.com",-99.2032,19.88451,"http://sic.gob.mx/ficha.php?table=centro_cultural&table_id=3453","2024-03-07 08:06:13-06"
3452,"Centro Socio Cultural Josefa Ortiz de Domínguez","1000-01-01","Ayuntamiento de Huehuetoca/Dirección de Educación y Fomento a la Cultura",15,"México",35,"Huehuetoca",1,"Huehuetoca","Av. Hda. Santa Teresa s/n","Fracc. Ex Hda. de Xalpa","54680","55 2118 9373","","mayela.marind@gmail.com",-99.18415,19.82162,"http://sic.gob.mx/ficha.php?table=centro_cultural&table_id=3452","2024-03-07 08:04:27-06"
945,"Centro Socio Cultural de Artes José Pablo Moncayo","1994-11-22","Ayuntamiento de Huehuetoca/Dirección de Educación y Fomento a la Cultura",15,"México",35,"Huehuetoca",8,"Salitrillo","Río Barjes s/n esq. Río Denver","Col. Salitrillo","54683","55 2118 9373","","mayela.marind@gmail.com",-99.21887,19.83369,"http://sic.gob.mx/ficha.php?table=centro_cultural&table_id=945","2024-03-11 04:42:33-06"
271,"Casa de Cultura Fernando de Alba Ixtlilxóchitl","1982-04-16","Ayuntamiento de Hueypoxtla",15,"México",36,"Hueypoxtla",1,"Hueypoxtla","Plaza Juárez s/n","Centro","55670","599 911 9382","","",-99.07832,19.90782,"http://sic.gob.mx/ficha.php?table=centro_cultural&table_id=271","2023-07-27 07:22:49-06"
2696,"Casa de Cultura El Jagüey","2008-11-08","Ayuntamiento de Huixquilucan/Subdirección de Cultura",15,"México",37,"Huixquilucan",1,"Huixquilucan de Degollado","Av. 16 de Septiembre s/n","Col. Santiago Yancuitlalpan","52766","55 8284 2220","","culturahxq@gmail.com; culturahuixquilucan20192021@gmail.com",-99.3046,19.38479,"http://sic.gob.mx/ficha.php?table=centro_cultural&table_id=2696","2025-04-10 12:42:19-06"
582,"Casa de Cultura Sor Juana Inés de la Cruz","1995-11-17","Ayuntamiento de Huixquilucan/Subdirección de Cultura",15,"México",37,"Huixquilucan",1,"Huixquilucan de Degollado","Jardín de la Cultura, Carr. Zacamulpa-Huixquilucan Km 1.5","Col. San Juan Bautista","52760","55 8284 2220","","culturahuixquilucan20192021@gmail.com",-99.34092,19.35765,"http://sic.gob.mx/ficha.php?table=centro_cultural&table_id=582","2025-04-10 12:42:23-06"
288,"Casa de Cultura Isidro Fabela","1997-04-10","Ayuntamiento de Isidro Fabela",15,"México",38,"Isidro Fabela",1,"Tlazala de Fabela","Av. Constitución s/n","Col. Aurora","54480","55 8994 7131","","casadecultura_isidrofabela@hotmail.com",-99.41833,19.55554,"http://sic.gob.mx/ficha.php?table=centro_cultural&table_id=288","2024-12-17 11:35:10-06"
436,"Casa de la Cultura Ixtapaluca","1982-01-03","Ayuntamiento de Ixtapaluca",15,"México",39,"Ixtapaluca",1,"Ixtapaluca","Av. Cuauhtémoc 100","Centro","56530","55 5972 6386","https://www.ixtapaluca.gob.mx/","casacultura_ixtapaluca@yahoo.com.mx; cultura@ixtapaluca.gob.mx",-98.88401,19.31482,"http://sic.gob.mx/ficha.php?table=centro_cultural&table_id=436","2024-12-03 11:16:14-06"
567,"Casa de Cultura Químico José Donaciano Morales y  Mier Altamirano","1970-07-23","Ayuntamiento de Ixtlahuaca",15,"México",42,"Ixtlahuaca",1,"Ixtlahuaca de Rayón","José Ma. Morelos 22","Centro","50780","712 122 99 02 exts. 229, 230","","educacionixtlahuaca@live.com.mx",-99.76784,19.56908,"http://sic.gob.mx/ficha.php?table=centro_cultural&table_id=567","2023-07-12 05:36:38-06"
3772,"Casa de Cultura  Químico José Donaciano Morales y Mier Altamirano","1978-01-16","Ayuntamiento de Ixtlahuaca de Rayón",15,"México",42,"Ixtlahuaca",1,"Ixtlahuaca de Rayón","C. José M. Morelos Manzana 022","Centro","50740","712 122 9902 ext 1000","","educacion@ixtlahuaca.gob.mx",-99.76917,19.56981,"http://sic.gob.mx/ficha.php?table=centro_cultural&table_id=3772","2025-03-04 12:54:15-06"
2,"Casa de Cultura Sor Juana Inés de la Cruz","1990-06-30","Ayuntamiento de Xalatlaco",15,"México",43,"Xalatlaco",1,"Xalatlaco","16 de Septiembre s/n","Centro","52680","Cel. (713) 103 00 48","","ocoyoacacimc@yahoo.com.mx",0,0,"http://sic.gob.mx/ficha.php?table=centro_cultural&table_id=2","2017-07-25 12:09:08-05"
293,"Casa de Cultura El Capulín","2003-01-01","Ayuntamiento de Jaltenco",15,"México",44,"Jaltenco",1,"Jaltenco","Melchor Ocampo s/n","Centro","55780","55 4911 5515","","fabiruva20@hotmail.com",0,0,"http://sic.gob.mx/ficha.php?table=centro_cultural&table_id=293","2023-08-08 04:30:25-06"
294,"Casa de Cultura Mtra. Amalia Márquez Padilla","1984-10-14","Ayuntamiento de Jilotepec ",15,"México",45,"Jilotepec",1,"Jilotepec de Molina Enríquez","Ismael Reyes Retana s/n","Centro","54240","761 734 17 62","","direccioneducacion19-21@outlook.es; norma.ap@live.com.mx",0,0,"http://sic.gob.mx/ficha.php?table=centro_cultural&table_id=294","2021-08-18 05:34:17-05"
583,"Casa de Cultura Sor Juana Inés de la Cruz","1994-09-01","Ayuntamiento de Jiquipilco",15,"México",47,"Jiquipilco",1,"Jiquipilco","Independencia s/n","Centro","50800","(712) 111 41 83","","",0,0,"http://sic.gob.mx/ficha.php?table=centro_cultural&table_id=583","2016-12-27 09:26:19-06"
311,"Casa de Cultura Lic. Diego de Nájera Yanguas","1999-01-14","Ayuntamiento de Jocotitlán",15,"México",48,"Jocotitlán",1,"Ciudad de Jocotitlán","Plaza Constituyentes 16","Centro","50700","712 690 2339","https://experiencia.edomex.gob.mx/recursos-turisticos/casa-de-cultura-lic-diego-de-najera-yanguas-jocotitlan","jocotitlan2022.2024@gmail.com",-99.7862,19.71051,"http://sic.gob.mx/ficha.php?table=centro_cultural&table_id=311","2023-08-01 10:13:49-06"
439,"Casa de Cultura Ángel Zamora Espinosa","1996-12-06","Ayuntamiento de Juchitepec",15,"México",50,"Juchitepec",1,"Juchitepec de Mariano Rivapalacio","Av. Independencia Sur s/n","Barrio Calayuco","56860","597 977 08 24","","Casadeculturaangelzamora2224@gmail.com",-98.88124,19.0988,"http://sic.gob.mx/ficha.php?table=centro_cultural&table_id=439","2025-05-20 10:37:06-06"
957,"Casa de Cultura Profr. Adrián Ortega Monroy","1986-11-04","Ayuntamiento de Lerma",15,"México",51,"Lerma",1,"Lerma de Villada","Hidalgo Pte. 28","Col. La Mota","52000","728 282 33 16","https://lerma.gob.mx/lerma/turismo-y-cultura/casa-de-cultura-adrian-ortega-monroy/","hernandezrica@outlook.com; cultura@lerma.gob.mx",-99.515,19.28684,"http://sic.gob.mx/ficha.php?table=centro_cultural&table_id=957","2024-09-05 11:37:02-06"
70,"Casa de Cultura Malinalxóchitl","1988-05-27","Ayuntamiento de Malinalco",15,"México",52,"Malinalco",1,"Malinalco","Aldama s/n esq. Hidalgo","Centro","52440","714 147 06 78","","ccmalinalco@yahoo.com.mx; facebook: casadeculturamalinalxochitl martaalcocer@yahoo.com,",0,0,"http://sic.gob.mx/ficha.php?table=centro_cultural&table_id=70","2021-09-14 10:43:52-05"
404,"Casa de Cultura Maximiano Sánchez y Pérez","2002-07-06","Ayuntamiento de Melchor Ocampo ",15,"México",53,"Melchor Ocampo",1,"Melchor Ocampo","Francisco I. Madero 244","Centro","54880","5525063880, 5558785638","https://melchor-ocampo.gob.mx/","desarrollosocial@melchor-ocampo.gob.mx",-99.1468,19.69868,"http://sic.gob.mx/ficha.php?table=centro_cultural&table_id=404","2023-07-17 06:27:41-06"
86,"Casa de Cultura de Metepec","1996-05-01","Ayuntamiento de Metepec",15,"México",54,"Metepec",1,"Metepec","Av. Estado de México 10","","52140","(722) 208 26 20, 208 26 22","","floressantin@gmail.com",0,0,"http://sic.gob.mx/ficha.php?table=centro_cultural&table_id=86","2018-08-03 04:58:05-05"
772,"Casa Tunastral","1964-05-11","Casa Tunastral, A.C.",15,"México",54,"Metepec",1,"Metepec","Paseo San Isidro 301, Plaza 1, cond. El Carmen","Barrio de Santiaguito","52140","(722) 155-3768","https://www.tunastral.org/?fbclid=IwAR2adujyB8tHgJ_Uny2_vJAfxh5KanO8-EtppJyHmX1tNcvAnc-S9RMF5PE","contacto@tunastral.org; tunastraltoluca@hotmail.com",-99.59714,19.25286,"http://sic.gob.mx/ficha.php?table=centro_cultural&table_id=772","2024-03-26 11:17:38-06"
319,"Casa de Cultura de Mexicaltzingo","1989-10-01","Ayuntamiento de Mexicaltzingo/Dirección de Casa de Cultura",15,"México",55,"Mexicaltzingo",1,"San Mateo Mexicaltzingo","Cuauhtémoc Sur 406","Col. La Estación","52180","722 372 39 76","","culturamexicaltzingo2224@gmail.com",-99.58863,19.20814,"http://sic.gob.mx/ficha.php?table=centro_cultural&table_id=319","2024-06-24 12:52:16-06"
320,"Casa de Cultura Hemeterio Valverde y Téllez","1978-11-16","Ayuntamiento de Morelos",15,"México",56,"Morelos",1,"San Bartolo Morelos","Jorge Jiménez Cantú s/n","Centro","50550","712 122 42 79","http://culturamorelosemeteriovalverdeytellez.blogspot.com/","morayo_20092012@hotmail.com",0,0,"http://sic.gob.mx/ficha.php?table=centro_cultural&table_id=320","2023-02-15 04:15:00-06"
2803,"Centro Cultural Acatlán","1000-01-01","UNAM",15,"México",57,"Naucalpan de Juárez",1,"Naucalpan de Juárez","Av. Alcanfores s/n esq. San Juan Totoltepec","Col. Santa Cruz Acatlán","53150","(55) 5623 1555 y 56","http://acatlan.unam.mx"," cultural@acatlan.unam.mx",-99.24827,19.48537,"http://sic.gob.mx/ficha.php?table=centro_cultural&table_id=2803","2024-02-19 03:24:52-06"
1438,"Casa de Cultura Parque Naucalli","1980-01-18","Ayuntamiento de Naucalpan/Dirección de Cultura y Parque Naucalli",15,"México",57,"Naucalpan de Juárez",1,"Naucalpan de Juárez","Lomas Verdes s/n","Col. Boulevares","53140","(55) 5373 4623","http://www.naucalpan.gob.mx","",-99.24208,19.49157,"http://sic.gob.mx/ficha.php?table=centro_cultural&table_id=1438","2017-08-14 12:18:58-05"
2239,"Casa de Cultura Chamapa ","1984-11-01","Ayuntamiento de Naucalpan/Dirección de Cultura y Parque Naucalli",15,"México",57,"Naucalpan de Juárez",1,"Naucalpan de Juárez","Parque La Hormiga Chamapa s/n","Col. Parque La Hormiga Chamapa","53000","(55) 5371 8300 y 8400 exts. 1175","http://www.naucalpan.gob.mx","",0,0,"http://sic.gob.mx/ficha.php?table=centro_cultural&table_id=2239","2017-08-14 12:17:53-05"
2673,"Centro Cultural Ágora	","1982-01-01","Ayuntamiento de Naucalpan/Dirección de Cultura y Parque Naucalli",15,"México",57,"Naucalpan de Juárez",1,"Naucalpan de Juárez","Blvd. Manuel Ávila Camacho s/n","Cd. Satélite","53100","(55) 5373 4430","","",0,0,"http://sic.gob.mx/ficha.php?table=centro_cultural&table_id=2673","2017-08-14 12:21:34-05"
3068,"Casa de Cultura Valle de Aragón","2015-01-01","Ayuntamiento de Nezahualcóyotl",15,"México",58,"Nezahualcóyotl",1,"Ciudad Nezahualcóyotl","Valle de Marañón s/n","Col. Valle Aragón 1a Sección","57100","55 7041 0678","","casadeculturavalledearagon@gmail.com",-99.05247,19.48834,"http://sic.gob.mx/ficha.php?table=centro_cultural&table_id=3068","2020-04-23 04:56:16-05"
3820,"Casa de Cultura Metropolitana Maestro Roberto Ruiz","1998-11-01","Dirección de Cultura de Nezahualcoyotl",15,"México",58,"Nezahualcóyotl",1,"Ciudad Nezahualcóyotl","Volador s/n","Col. Metropolitana 1ª Sección","57730","","","",-99.03452,19.39602,"http://sic.gob.mx/ficha.php?table=centro_cultural&table_id=3820","2024-11-26 11:28:54-06"
3821,"Centro Cultural Municipal Dr. Jaime Torres Bodet","1987-08-25","Dirección de Cultura de Nezahualcoyotl",15,"México",58,"Nezahualcóyotl",1,"Ciudad Nezahualcóyotl","Av. Chimalhuacán s/n, Esq. Feria de lasa Flores","Col. Benito Juárez","57000","55 5731 8208","","",-99.01051,19.40482,"http://sic.gob.mx/ficha.php?table=centro_cultural&table_id=3821","2024-11-26 11:34:09-06"
3818,"Centro Cultural El Castillito ","2011-08-29","Dirección de Cultura de Nezahualcoyotl",15,"México",58,"Nezahualcóyotl",1,"Ciudad Nezahualcóyotl","Clavelero, Esq, Av Chimalhuacan.","Col. Benito Juárez ","57000","55 5716 9070","","",-99.00787,19.40412,"http://sic.gob.mx/ficha.php?table=centro_cultural&table_id=3818","2024-11-26 11:14:07-06"
3817,"Casa de la Cultura Ciudad Lago Epitacio Álvarez de León","1999-01-01","Dirección de Cultura de Nezahualcoyotl",15,"México",58,"Nezahualcóyotl",1,"Ciudad Nezahualcóyotl","Lago Musters s/n","Col. Ciudad Lago","57180","","","",-99.04766,19.45474,"http://sic.gob.mx/ficha.php?table=centro_cultural&table_id=3817","2024-11-26 10:50:36-06"
3814,"Casa de Cultura Bosques de Aragón Mauricio García Vega","1000-01-01","Dirección  de Cultura de Nezahualcoyotl",15,"México",58,"Nezahualcóyotl",1,"Ciudad Nezahualcóyotl","Bosques de Libia s/n","Col. Bosques de Aragón","57170","55 7022 7261","https://bosquesdearagon.com.mx/actividades-en-la-casa-de-cultura-de-bosques-de-aragon/","",-99.05104,19.47331,"http://sic.gob.mx/ficha.php?table=centro_cultural&table_id=3814","2024-11-26 10:30:54-06"
2658,"Casa Maha Foro Cultural","2011-02-26","Marilyn Monroy Martínez",15,"México",58,"Nezahualcóyotl",1,"Ciudad Nezahualcóyotl","Montaña 77","Col. Benito Juárez","57000","56 1732 5557","","mahacaa@hotmail.com",0,0,"http://sic.gob.mx/ficha.php?table=centro_cultural&table_id=2658","2020-04-22 14:25:53-05"
2385,"Centro Cultural Casa Las 2 Fridas","2013-12-23","Casas del Poeta, A.C.",15,"México",58,"Nezahualcóyotl",1,"Ciudad Nezahualcóyotl","Almendros 102","Col. La Perla","57820","55 1837 8724","","chechoepo95@hotmail.com",-98.99499,19.38692,"http://sic.gob.mx/ficha.php?table=centro_cultural&table_id=2385","2021-06-17 08:48:01-05"
3786,"Centro Cultural Nezahualcóyotl","1980-03-08","Secretaría de  Cultura y Turismo del Gobierno del Estado de México/Dirección de Patrimonio y Servicios Culturales del Valle de Toluca",15,"México",58,"Nezahualcóyotl",1,"Ciudad Nezahualcóyotl","4a. avenida con Francisco Zarco","Virgencitas ","57300","55 5735 0855","https://patrimonioyserviciosc.edomex.gob.mx/nezahualcoyotl","crcnezasdcedomex@gmail.com",-99.03326,19.42127,"http://sic.gob.mx/ficha.php?table=centro_cultural&table_id=3786","2024-09-06 17:22:15-06"
101,"Casa de Cultura Metropolitana","1997-01-01","Ayuntamiento de Nezahualcóyotl",15,"México",58,"Nezahualcóyotl",1,"Ciudad Nezahualcóyotl","Voladores s/n entre Hombres Ilustres y Plateros","Col. Metropolitana","57730","55 5716 9070","","direcultura@hotmail.com",-99.0343,19.39579,"http://sic.gob.mx/ficha.php?table=centro_cultural&table_id=101","2020-04-23 05:51:53-05"
602,"Casa de Cultura Ciudad Lago","1999-01-01","Ayuntamiento de Nezahualcóyotl",15,"México",58,"Nezahualcóyotl",1,"Ciudad Nezahualcóyotl","Lago Muster s/n esq. Aeropuerto","Col. Ciudad Lago","57120","(55) 5796 4959","https://www.facebook.com/CASA-De-Culturaciudad-LAGO-219198674888400/","direcultura0912@hotmail.com",-99.0476,19.4548,"http://sic.gob.mx/ficha.php?table=centro_cultural&table_id=602","2020-04-29 06:52:14-05"
601,"Casa de Cultura Las Águilas","1998-07-01","Ayuntamiento de Nezahualcóyotl",15,"México",58,"Nezahualcóyotl",1,"Ciudad Nezahualcóyotl","Av. John F. Kennedy y esq. Sur 1","Col. Las Águilas","57300","55 5716 9070 ext. 1721","https://www.facebook.com/Casa-de-cultura-Las-%C3%81guilas-224912140890435/","",-98.99771,19.38404,"http://sic.gob.mx/ficha.php?table=centro_cultural&table_id=601","2024-11-19 12:28:43-06"
62,"Casa de Cultura Campestre Guadalupana","2003-02-01","Ayuntamiento de Nezahualcóyotl",15,"México",58,"Nezahualcóyotl",1,"Ciudad Nezahualcóyotl","Calle 32 s/n esq. Av. 6","Col. Campestre Guadalupana","57120","55 5716 9070 ext. 2104","","casadecultura_campestreguadalupana@hotmail.com",-99.05189,19.48568,"http://sic.gob.mx/ficha.php?table=centro_cultural&table_id=62","2020-04-27 13:16:31-05"
3069,"Casa de Cultura Bosques de Aragón","2015-12-06","Ayuntamiento de Nezahualcóyotl",15,"México",58,"Nezahualcóyotl",1,"Ciudad Nezahualcóyotl","Bosque de Libia s/n","Col. Bosques de Aragón","57170","55 7022 7261","https://bosquesdearagon.com.mx/la-casa-de-cultura-en-bosques-de-aragon/","",-99.05087,19.47316,"http://sic.gob.mx/ficha.php?table=centro_cultural&table_id=3069","2023-10-06 11:18:56-06"
2639,"Centro Cultural El Castillito","2011-08-29","Ayuntamiento de Nezahualcóyotl",15,"México",58,"Nezahualcóyotl",1,"Ciudad Nezahualcóyotl","Av. Chimalhuacán s/n esq. Clavelero","Col. Benito Juárez","57000","(55) 5716 9070 ext. 2104","","direcultura0912@hotmail.com",-99.00965,19.40325,"http://sic.gob.mx/ficha.php?table=centro_cultural&table_id=2639","2020-04-29 06:51:03-05"
2140,"Centro Cultural Municipal Dr. Jaime Torres Bodet","1987-08-25","Ayuntamiento de Nezahualcóyotl",15,"México",58,"Nezahualcóyotl",1,"Ciudad Nezahualcóyotl","Av. Chimalhuacán s/n","Col. Benito Juárez","57000","55 5716 9070, 55 5731 8208","","nezacultura@neza.gob.mx",-99.01073,19.40408,"http://sic.gob.mx/ficha.php?table=centro_cultural&table_id=2140","2023-03-09 06:44:15-06"
2806,"Centro Cultural Aragón UNAM","1000-01-01","UNAM",15,"México",58,"Nezahualcóyotl",1,"Ciudad Nezahualcóyotl","Rancho Seco s/n","Col. Impulsora","57130","55 5623 0860","","teatrony@hotmail.com",0,0,"http://sic.gob.mx/ficha.php?table=centro_cultural&table_id=2806","2021-04-13 08:32:02-05"
1229,"Centro Cultural del ISSSTE Nezahualcóyotl","1985-12-14","ISSSTE",15,"México",58,"Nezahualcóyotl",1,"Ciudad Nezahualcóyotl","Av. Indio Triste s/n esq, Cd. Universitaria","Col. Metropolitana 2da. Sección","57730","722 215 73 41","http://www.issste.gob.mx","alfredoisssteneza@hotmail.com",0,0,"http://sic.gob.mx/ficha.php?table=centro_cultural&table_id=1229","2023-03-09 06:02:53-06"
1231,"Centro Regional de Cultura de Nezahualcóyotl","1980-03-08","Secretaría de Cultura del Estado de México",15,"México",58,"Nezahualcóyotl",1,"Ciudad Nezahualcóyotl","Cuarta Av. s/n esq. Francisco Zarco","Col. Virgencitas","57300","55 5735 0855","http://www.neza.gob.mx","nezahuacoyotlccb@yahoo.com",0,0,"http://sic.gob.mx/ficha.php?table=centro_cultural&table_id=1231","2020-03-12 05:38:22-06"
2272,"Módulo Cultural Multifuncional Nezahualcóyotl","2008-01-01","Centro Universitario UAEM Nezahualcóyotl",15,"México",58,"Nezahualcóyotl",1,"Ciudad Nezahualcóyotl","Av. Bordo de Xochiaca s/n","Col. Benito Juárez","56234","55 5112 5436","https://cunezahualcoyotl.uaemex.mx/","malumofla_74@yahoo.com.mx; cymeza@uaemex.mx; rsrazos@uamex.mx",-99.01935,19.42315,"http://sic.gob.mx/ficha.php?table=centro_cultural&table_id=2272","2024-08-13 09:08:17-06"
3070,"Casa de Cultura Rey Neza","2015-07-07","Ayuntamiento de Nezahualcóyotl",15,"México",58,"Nezahualcóyotl",1,"Ciudad Nezahualcóyotl","Coatlinchán s/n esq. Matlalzihuatzin","U.H. Rey Neza","57809","55 5716 9070","","ccrey_neza@hotmail.com",-98.98338,19.39911,"http://sic.gob.mx/ficha.php?table=centro_cultural&table_id=3070","2023-11-17 05:19:08-06"
3822,"Centro Municipal de Artes Aplicadas ","2005-01-01","Dirección de Cultura Nezahualcoyotl",15,"México",58,"Nezahualcóyotl",1,"Ciudad Nezahualcóyotl","Calle 18 s/n","Col. El Sol","57200","55 5716 9070","","elcastillitodeneza@hotmail.com",-99.03012,19.43027,"http://sic.gob.mx/ficha.php?table=centro_cultural&table_id=3822","2024-11-26 11:39:47-06"
3815,"Casa de Cultura Campestre Guadalupana Lic. Prospero Domínguez Trejo","1000-01-01","H. Ayuntamiento de Nezahualcóyotl",15,"México",58,"Nezahualcóyotl",1,"Ciudad Nezahualcóyotl","Av. 6 entre Calle 33 y Av. Central","Col. Campestre Guadalupana","57120","55 5035 0712","","",-99.05162,19.48523,"http://sic.gob.mx/ficha.php?table=centro_cultural&table_id=3815","2024-11-26 10:37:10-06"
3816,"Casa de Cultura Valle de Aragón Pedro Martinez Osorio","2015-01-01","H. Ayuntamiento Nezahualcóyotl/Dirección de Cultura ",15,"México",58,"Nezahualcóyotl",1,"Ciudad Nezahualcóyotl","Valle 4 Manzana 019","Col. Valle de Aragón 1ra sección.","57100","","","",-99.05229,19.48887,"http://sic.gob.mx/ficha.php?table=centro_cultural&table_id=3816","2024-11-26 10:42:56-06"
3819,"Casa de Cultura Unidad Rey Neza Maestro Urbano Cruz Morales ","2015-07-07","H. Ayuntamiento de Ciudad Nezahualcóyotl",15,"México",58,"Nezahualcóyotl",1,"Ciudad Nezahualcóyotl","Matlazihuatzin esq. Coatlinchan s/n","Col. Unidad Habitacional Rey Neza.","57940","","","",-98.98325,19.39922,"http://sic.gob.mx/ficha.php?table=centro_cultural&table_id=3819","2024-11-26 11:22:35-06"
3451,"Casa de Cultura Toltecalli","2022-12-01","Gobierno del Estado de México",15,"México",59,"Nextlalpan",1,"Santa Ana Nextlalpan","Avenida Guerrero, ","Barrio Central","55790 ","55 7517 4981","https://nextlalpan.gob.mx/","cultura.nextlalpan@gmail.com",-99.07844,19.73367,"http://sic.gob.mx/ficha.php?table=centro_cultural&table_id=3451","2024-03-21 12:11:16-06"
322,"Casa de Cultura Cualcalli","1994-06-01","Secretaría de Cultura del Estado de México",15,"México",59,"Nextlalpan",17,"San Miguel Jaltocan","Av. Estación esq. Av. Panteón ","Centro","55790","55 6519 9234","https://nextlalpan.gob.mx/","casadeculturacualcalli@gmail.com",-99.05117,19.72375,"http://sic.gob.mx/ficha.php?table=centro_cultural&table_id=322","2024-03-21 12:25:38-06"
534,"Casa de Cultura Carlos Castillo Peraza","2000-10-30","Ayuntamiento de Nicolás Romero",15,"México",60,"Nicolás Romero",1,"Ciudad Nicolás Romero","Jaime Nunó s/n","Col. San Ildefonso","54400","55 2670 4970","","loredokathy@yahoo.com.mx; contacto@nicolasromero.gob.mx",0,0,"http://sic.gob.mx/ficha.php?table=centro_cultural&table_id=534","2020-06-08 07:06:51-05"
285,"Casa de Cultura Nicolás Romero La Colmena","1999-01-01","Ayuntamiento de Nicolás Romero",15,"México",60,"Nicolás Romero",1,"Ciudad Nicolás Romero","Av. Principal s/n","Col. Colmena Centro","54400","(55) 5823 2656","","casaculcolmena@hotmail.es",0,0,"http://sic.gob.mx/ficha.php?table=centro_cultural&table_id=285","2020-03-22 15:30:42-06"
3359,"Centro Cultural Atelier de Arte 18","2016-02-10","Particular",15,"México",60,"Nicolás Romero",1,"Ciudad Nicolás Romero","Manuel Capetillo 77","Col. San Isidro la Paz, Primera Sección","54477","558 262 96 20","","atelierarte18@gmail.com",-99.29341,19.60876,"http://sic.gob.mx/ficha.php?table=centro_cultural&table_id=3359","2021-08-23 05:30:20-05"
2240,"Casa de Cultura del Pueblo de Barrón","2005-12-11","Ayuntamiento de Nicolás Romero",15,"México",60,"Nicolás Romero",1,"Ciudad Nicolás Romero","Galeana s/n","Col. Barrón Centro","54402","55 9258 2381","","cultura_barron@hotmail.com",0,0,"http://sic.gob.mx/ficha.php?table=centro_cultural&table_id=2240","2022-09-20 03:57:20-05"
2241,"Casa de Cultura María Elena Vásquez","1995-12-16","Ayuntamiento de Nopaltepec/Dirección de Cultura",15,"México",61,"Nopaltepec",1,"Nopaltepec","Huasteca s/n","Centro","55970","592 924 50 05","https://nopaltepec.gob.mx/","ayuntamiento@nopaltepec.gob.mx",-98.70955,19.77928,"http://sic.gob.mx/ficha.php?table=centro_cultural&table_id=2241","2024-07-10 11:30:40-06"
1374,"Centro Regional de Cultura de Ocoyoacac","1990-02-10","Secretaría de Cultura y Turismo del Gobierno del Estado de México/Dirección de Patrimonio y Servicios Culturales del Valle de Toluca",15,"México",62,"Ocoyoacac",1,"Ocoyoacac","Luis Camarena González 1","Centro","52740","728 287 5023","https://patrimonioyserviciosc.edomex.gob.mx/ocoyoacac","",-99.46121,19.27249,"http://sic.gob.mx/ficha.php?table=centro_cultural&table_id=1374","2024-09-06 17:58:22-06"
1358,"Unidad Cultural de Ocuilán","1992-01-01","Secretaría de Cultura y Turismo del Estado de México",15,"México",63,"Ocuilan",1,"Ocuilan de Arteaga","Av. Ayuntamiento s/n","Centro","52480","714 146 41 67","","mr0744429@gmail.com; elbosqueesvida@hotmail.com",0,0,"http://sic.gob.mx/ficha.php?table=centro_cultural&table_id=1358","2021-07-09 06:44:32-05"
955,"Casa de Cultura Abraham Ángel","1985-08-28","Ayuntamiento de El Oro ",15,"México",64,"El Oro",1,"El Oro de Hidalgo","Ángela Peralta 14","Centro","50600","711 125 00 36  ext. 119 ","http://www.eloromexico.gob.mx/","h_ayuntamiento@eloromexico.gob.mx",0,0,"http://sic.gob.mx/ficha.php?table=centro_cultural&table_id=955","2023-08-07 05:15:26-06"
1085,"Casa Regional de Cultura y Casa Museo Gonzalo Carrasco","1985-11-13","Gobierno del Estado de México, Dirección General de Patrimonio y Servicios Culturales",15,"México",65,"Otumba",1,"Otumba de Gómez Farías","Plazuela de la Constitución 17","Centro","55900","592 922 01 61","https://patrimonioyserviciosc.edomex.gob.mx/otumba","otumbaimc@yahoo.com.mx",0,0,"http://sic.gob.mx/ficha.php?table=centro_cultural&table_id=1085","2023-07-31 07:18:06-06"
3787,"Centro Regional de Cultura de Otumba","1985-11-13","Secretaría de Cultura y Turismo del Gobierno del Estado de México/Dirección de Patrimonio y Servicios Culturales del Valle de Toluca",15,"México",65,"Otumba",1,"Otumba de Gómez Farías","Plaza de la Constitución 17","Centro","55900","592 922 0161","https://patrimonioyserviciosc.edomex.gob.mx/otumba","",-98.7575,19.69985,"http://sic.gob.mx/ficha.php?table=centro_cultural&table_id=3787","2025-05-21 11:56:15-06"
2242,"Casa de Cultura Hermanos Flores Magón","1998-01-01","Ayuntamiento de Otzoloapan",15,"México",66,"Otzoloapan",1,"Otzoloapan","El Mirador s/n","Centro, localidad El Mirador","51130","726 266 90 27","http://www.otzoloapan.gob.mx","lucilavillafanamaldonadomail.com",0,0,"http://sic.gob.mx/ficha.php?table=centro_cultural&table_id=2242","2021-04-30 04:47:59-05"
325,"Casa de Cultura Ocelotl","1995-07-01","Ayuntamiento de Otzolotepec",15,"México",67,"Otzolotepec",1,"Villa Cuauhtémoc","Prol. Independencia s/n","Col. Villa Cuauhtémoc","52080","719 196 78 78 ext. 611","","d.educacionopzo@gmail.com",0,0,"http://sic.gob.mx/ficha.php?table=centro_cultural&table_id=325","2023-07-27 09:23:17-06"
48,"Casa de Cultura José Antonio Arzate","1982-06-18","Ayuntamiento de Ozumba",15,"México",68,"Ozumba",1,"Ozumba de Alzate","Emiliano Zapata 1","Centro","56800","(597) 976 38 82","","culturaalzate@hotmail.com",0,0,"http://sic.gob.mx/ficha.php?table=centro_cultural&table_id=48","2023-08-08 04:52:50-06"
329,"Casa de Cultura Papalotla","1996-12-01","Secretaría de Cultura del Estado de México",15,"México",69,"Papalotla",1,"Papalotla","Plaza Morelos 1","Centro","56050","5959538579","papalotlaedomex.gob.mx","contacto@papalotlaedomex.gob.mx",-98.858,19.56389,"http://sic.gob.mx/ficha.php?table=centro_cultural&table_id=329","2023-07-17 07:16:12-06"
2243,"Casa de Cultura Municipal de Papalotla","1996-12-15","Ayuntamiento de Papalotla",15,"México",69,"Papalotla",1,"Papalotla","Plaza Morelos s/n esq. Insurgentes","Barrio Ixayoc","56050","595 953 85 79","https://papalotlaedomex.gob.mx/","presidencia_papalotla2022_2024@outlook.com",-98.85806,19.56338,"http://sic.gob.mx/ficha.php?table=centro_cultural&table_id=2243","2023-08-15 07:30:02-06"
3873,"Centro de Artes y Oficios Carmen Serdán Alatriste","2021-12-19","Ayuntamiento de La Paz",15,"México",70,"La Paz",1,"Los Reyes Acaquilpan","Cda. 2 de Abril 3","Col. Emiliano Zapata","56400","55 6288 0667","","francisco610319@gmail.com",-98.97956,19.35378,"http://sic.gob.mx/ficha.php?table=centro_cultural&table_id=3873","2025-06-11 13:41:10-06"
3867,"Centro Comunitario Cultural Ciudad Retoño","2017-01-01","Fundación Cause Ciudadano, A.C.",15,"México",70,"La Paz",1,"Los Reyes Acaquilpan","Ex Hacienda Pedro Domeq. Presa del Sordo 5 esq. Av. Puebla, Ex Hacienda Pedro Domecq","Col. Valle de los Pinos","56420","55 5857 9944  ","https://www.fundacioncauceciudadano.org","fundacioncauceciudadano@gmail.com",-98.98238,19.36871,"http://sic.gob.mx/ficha.php?table=centro_cultural&table_id=3867","2025-04-22 16:03:05-06"
274,"Casa de Cultura La Paz","1993-09-01","Ayuntamiento de La Paz",15,"México",70,"La Paz",1,"Los Reyes Acaquilpan","Puebla s/n","Col. Cuaxusco","56400","55 5857 0824","","cculturalapaz19@outlook.com",0,0,"http://sic.gob.mx/ficha.php?table=centro_cultural&table_id=274","2021-07-22 11:18:30-05"
2244,"Casa de Cultura Polotitlán","2005-01-01","Ayuntamiento de Polotitlán",15,"México",71,"Polotitlán",1,"Polotitlán de la Ilustración","De los Estudiantes s/n","","54200","5611618518","https://polotitlan.edomex.gob.mx/","ayuntamiento.polotitlan@gmail.com",0,0,"http://sic.gob.mx/ficha.php?table=centro_cultural&table_id=2244","2023-07-17 08:14:25-06"
1366,"Casa de Cultura Profr. José Copula Moreno","1996-12-01","Secretaría de Cultura y Turismo del Estado de México",15,"México",72,"Rayón",1,"Santa María Rayón","Independencia s/n","","","713 132 00 45","","",0,0,"http://sic.gob.mx/ficha.php?table=centro_cultural&table_id=1366","2021-09-14 10:52:28-05"
603,"Casa de Cultura Profr. Jesús Gómez Nava","1991-02-16","Ayuntamiento de San Felipe del Progreso",15,"México",74,"San Felipe del Progreso",1,"San Felipe del Progreso","Calle 5 de Mayo 110","Centro","50640","712 123 51 99","https://sanfelipedelprogreso.gob.mx/","ing.lizethsandoval16@gmail.com",-99.95369,19.71369,"http://sic.gob.mx/ficha.php?table=centro_cultural&table_id=603","2023-08-09 05:23:22-06"
2268,"Casa de Cultura Neteotiloyan","1994-05-15","Ayuntamiento de San Martín de las Pirámides",15,"México",75,"San Martín de las Pirámides",1,"San Martín de las Pirámides","Av. de Los Deportes 15","Centro","55850","594 958 20 11 ext. 121","https://sanmartindelaspiramides.gob.mx/casa-de-cultura-neteotiloyan/","casa.cultura@sanmartindelaspiramides.gob.mx",-98.82946,19.70744,"http://sic.gob.mx/ficha.php?table=centro_cultural&table_id=2268","2024-06-20 13:00:41-06"
2245,"Casa de Cultura Profra. Rosa Nava de López","2004-11-28","Ayuntamiento de San Mateo Atenco",15,"México",76,"San Mateo Atenco",1,"San Mateo Atenco","Av. Panteón Viejo 201","Barrio San Nicolás","52104","Cel. (722) 264 19 69","","gloriasilvaglez@gmail.com",0,0,"http://sic.gob.mx/ficha.php?table=centro_cultural&table_id=2245","2017-07-25 12:12:50-05"
334,"Casa de Cultura San Mateo Atenco","1994-05-01","Secretaría de Cultura y Turismo del Estado de México",15,"México",76,"San Mateo Atenco",1,"San Mateo Atenco","Calz. del Panteón Viejo 201","Barrio de San Nicolás","52100","728 690 1100","https://www.sanmateoatenco.gob.mx/","cultura@sanmateoatenco.gob.mx",-99.52751,19.26511,"http://sic.gob.mx/ficha.php?table=centro_cultural&table_id=334","2024-08-23 14:50:05-06"
948,"Casa de Cultura Cuitepec San Simón de Guerrero","1996-12-01","Ayuntamiento de San Simón de Guerrero",15,"México",77,"San Simón de Guerrero",1,"San Simón de Guerrero","","Barrio San José","51470","716 265 3105 ext. 102","","secretaria.sansimon2016_2018@hotmail.com; ayuntamientosansimon2016_2018@hotmail.com",-100.00736,19.02315,"http://sic.gob.mx/ficha.php?table=centro_cultural&table_id=948","2023-10-19 07:57:15-06"
345,"Casa de Cultura Santiago Santa Ana","1996-12-14","Ayuntamiento de Santo Tomás",15,"México",78,"Santo Tomás",1,"Santo Tomás de los Plátanos","Cda. Tabachín s/n","Centro","51100","726 262 35 45","","stomas2009@hotmail.com.mx; teyo52@yahoo.com",0,0,"http://sic.gob.mx/ficha.php?table=centro_cultural&table_id=345","2023-07-27 07:14:21-06"
938,"Casa de Cultura Soyaniquilpan de Juárez","2003-03-08","Ayuntamiento de Soyaniquilpan de Juárez",15,"México",79,"Soyaniquilpan de Juárez",1,"San Francisco Soyaniquilpan","Calle 16 de Septiembre 6","Centro","54280","761 735 30 27 y 26","","manuelberney@yahoo.com.mx",0,0,"http://sic.gob.mx/ficha.php?table=centro_cultural&table_id=938","2021-04-21 05:41:32-05"
242,"Casa de Cultura Dr. José María Coss","1983-08-24","Ayuntamiento de Sultepec",15,"México",80,"Sultepec",1,"Sultepec de Pedro Ascencio de Alquisiras","Hidalgo s/n","Barrio de Coaxusco","51600","716 148 07 00","","casadecultura@sultepec.gob.mx ",0,0,"http://sic.gob.mx/ficha.php?table=centro_cultural&table_id=242","2021-04-21 06:13:51-05"
247,"Casa de Cultura Felipe Villanueva","1980-11-17","Ayuntamiento de Tecámac",15,"México",81,"Tecámac",1,"Tecámac de Felipe Villanueva","Calle 5 de Mayo 46","Centro","55740","55 5934 6272","","",-98.97331,19.71272,"http://sic.gob.mx/ficha.php?table=centro_cultural&table_id=247","2024-09-10 13:12:18-06"
1088,"Centro Regional de Cultura de Tejupilco","1985-08-20","Secretaría de Cultura y Turismo del Gobierno del Estado de México/Dirección de Patrimonio y Servicios Culturales del Valle de Toluca",15,"México",82,"Tejupilco",1,"Tejupilco de Hidalgo","Av. Prol. Benito Juárez s/n","Col. México 68","51400","724 267 04 66","https://patrimonioyserviciosc.edomex.gob.mx/tejupilco","tejupilcoimc@yahoo.com.mx",-100.14739,18.89669,"http://sic.gob.mx/ficha.php?table=centro_cultural&table_id=1088","2024-09-09 14:31:43-06"
252,"Casa de Cultura In Acatlixhuayan In Temamatzolli","1995-06-24","Ayuntamiento de Temamatla",15,"México",83,"Temamatla",1,"Temamatla","Plaza Hidalgo 1","Centro","56650","55 5942 9513","","casadecultura_temamatla@hotmail.com",-98.86988,19.2028,"http://sic.gob.mx/ficha.php?table=centro_cultural&table_id=252","2023-09-29 06:15:51-06"
585,"Casa de Cultura Temazcalli","1998-08-01","Ayuntamiento de Temascalapa",15,"México",84,"Temascalapa",11,"San Bartolomé Actopan","Km 4.5 Carr. Temascalapa-San Bartolomé Actopan","","55989","596 933 02 63","https://temascalapa.edomex.gob.mx/casa-cultura","minesp@hotmail.com",-98.86334,19.84281,"http://sic.gob.mx/ficha.php?table=centro_cultural&table_id=585","2024-01-04 05:59:23-06"
433,"Centro Regional de Cultura José María Velasco","1975-10-30","Secretaría de Cultura y Turismo del Gobierno del Estado de México",15,"México",85,"Temascalcingo",1,"Temascalcingo de José María Velasco","Hermanos Velasco 5","Centro","50400","718 126 13 35","","temascalcingoimc@yahoo.com.mx",0,0,"http://sic.gob.mx/ficha.php?table=centro_cultural&table_id=433","2022-09-20 06:28:15-05"
3788,"Centro Regional de Cultura de Temascalcingo José Ma. Velasco","1974-01-01","Secretaría de Cultura y Turismo del Gobierno del Estado de México/Dirección de Patrimonio y Servicios Culturales del Valle de Toluca",15,"México",85,"Temascalcingo",1,"Temascalcingo de José María Velasco","Hermanos Velasco 5","Centro","50400","718 126 1335","https://patrimonioyserviciosc.edomex.gob.mx/temascalcingo","temascalcingoimc@yahoo.com.mx, liccmm@hotmail.com",-100.00245,19.91736,"http://sic.gob.mx/ficha.php?table=centro_cultural&table_id=3788","2024-09-09 17:39:34-06"
98,"Casa de Cultura 2 de Marzo","1992-09-01","Secretaría de Cultura del Estado de México",15,"México",87,"Temoaya",1,"Temoaya","Vicente Guerrero 101","Centro","50850","719 265 03 85","","",0,0,"http://sic.gob.mx/ficha.php?table=centro_cultural&table_id=98","2021-07-23 04:52:53-05"
1101,"Centro Regional de Cultura de Tenancingo Joaquín Solache Monroy","1981-09-04","Secretaría de Cultura y Turismo del Gobierno del Estado de México/Dirección de Patrimonio y Servicios Culturales del Valle de Toluca",15,"México",88,"Tenancingo",1,"Tenancingo de Degollado","Paseo de los Insurgentes s/n, int. Parque Alameda","Centro","52400","714 142 26 20","https://patrimonioyserviciosc.edomex.gob.mx/tenancingo"," centroculturaltenancingo@yahoo.com.mx",-99.58517,18.96393,"http://sic.gob.mx/ficha.php?table=centro_cultural&table_id=1101","2024-09-09 17:38:11-06"
100,"Casa de Cultura Ollin Coatl","1972-02-01","Ayuntamiento de Tenango del Aire",15,"México",89,"Tenango del Aire",1,"Tenango del Aire","5 de Mayo esq. Censos Nacionales","Centro","56780","55 5075 0656","","tenangodelairecultura2224@gmail.com",0,0,"http://sic.gob.mx/ficha.php?table=centro_cultural&table_id=100","2023-07-31 07:05:10-06"
3421,"Centro Cultural León Guzmán ","2022-09-17","Ayuntamiento de Tenango del Valle/Dirección de Turismo y Cultura",15,"México",90,"Tenango del Valle",1,"Tenango de Arista","De La Constitución Manzana 033","Col. Heroica","52300","","","direcccion.turismo@tenangodelvalle.gob.mx",-99.59155,19.10412,"http://sic.gob.mx/ficha.php?table=centro_cultural&table_id=3421","2023-07-19 07:15:14-06"
569,"Casa de Cultura Narciso Bassols","1994-03-01","Secretaría de Cultura del Estado de México",15,"México",90,"Tenango del Valle",1,"Tenango de Arista","Del Progreso 304, frente al DIF Municipal","El Coloso","52307","7171440160","https://tenangodelvalle.gob.mx/sitio/portal","contacto@tenangodelvalle.gob.mx",-99.59409,19.09921,"http://sic.gob.mx/ficha.php?table=centro_cultural&table_id=569","2023-07-18 04:46:48-06"
76,"Casa de Cultura Teohuilloyocan","1994-09-01","Secretaría de Cultura del Estado de México",15,"México",91,"Teoloyucan",1,"Teoloyucan","Matamoros 58","Tlatilco","54770","593 914 8399","https://teoloyucan.gob.mx/tramites-y-servicios/#1656352732821-7b02fced-9e34","casa.cultura@teoloyucan.gob.mx",-99.18471,19.747,"http://sic.gob.mx/ficha.php?table=centro_cultural&table_id=76","2023-08-07 06:36:49-06"
2232,"Casa de Cultura Ing. Heberto Castillo","1996-12-05","Ayuntamiento de Teotihuacán",15,"México",92,"Teotihuacán",1,"Teotihuacán de Arista","Hidalgo s/n esq. Zaragoza","Centro","55800","594 956 84 11","","secretaria@teotihuacan.gob.mx.",-98.86698,19.68464,"http://sic.gob.mx/ficha.php?table=centro_cultural&table_id=2232","2023-11-24 04:39:15-06"
516,"Casa de Cultura Rosario de la Peña","1979-04-04","Ayuntamiento de Tepetlixpa",15,"México",94,"Tepetlixpa",1,"Tepetlixpa","16 de Septiembre 65","","56880","597 976 1166","https://experiencia.edomex.gob.mx/recursos-turisticos/casa-de-cultura-rosario-de-la-pena-tepetlixpa","",-458.81871,19.02977,"http://sic.gob.mx/ficha.php?table=centro_cultural&table_id=516","2023-08-07 06:14:47-06"
1373,"Centro Regional de Cultura Nepantla Sor Juana Inés de la Cruz","1995-04-17","Secretaría de Cultura y Turismo del Gobierno del  Estado de México/Dirección Patrimonio y Servicios Culturales del Valle de Toluca",15,"México",94,"Tepetlixpa",2,"Nepantla de Sor Juana Inés de la Cruz","Cto. Sur Sor Juana Inés de la Cruz s/n","Col. Casco Urbano","56890","597 977 30 38","https://nepantla.mx/event-location/centro-cultural-sor-juana-ines-de-la-cruz/","nepantlascd.edomex@gmail.com. ",-98.84112,18.97876,"http://sic.gob.mx/ficha.php?table=centro_cultural&table_id=1373","2024-09-06 14:02:54-06"
284,"Casa de Cultura de Tepotzotlán","1990-10-25","Ayuntamiento de Tepotzotlán",15,"México",95,"Tepotzotlán",1,"Tepotzotlán","Adolfo López Mateos s/n esq. Benito Juárez","Barrio San Martín","54600","5558761132","tepotzotlan.gob.mx","casadecultura@tepotzotlan.gob.mx",-99.22396,19.71464,"http://sic.gob.mx/ficha.php?table=centro_cultural&table_id=284","2023-07-18 05:26:24-06"
255,"Casa de Cultura Tequixquiac","1994-10-01","Secretaría de Cultura del Estado de México",15,"México",96,"Tequixquiac",1,"Tequixquiac","Av. Río Pánuco s/n","Barrio San José","55650","","","",0,0,"http://sic.gob.mx/ficha.php?table=centro_cultural&table_id=255","2023-07-28 05:03:27-06"
2248,"Centro de Desarrollo Social Integral","2007-04-12","Ayuntamiento de Tequixquiac",15,"México",96,"Tequixquiac",1,"Tequixquiac","Campo Zaragoza esq. Alcanfores s/n","Barrio San Mateo","55610","591 9121 785","https://www.tequixquiac.gob.mx/","presidencia@tequixquiac.gob.mx",-99.14896,19.91036,"http://sic.gob.mx/ficha.php?table=centro_cultural&table_id=2248","2024-02-15 08:25:27-06"
287,"Centro Municipal de Arte y Cultura de Texcalyacac","1989-03-01","Ayuntamiento de Texcalyacac",15,"México",98,"Texcalyacac",1,"San Mateo Texcalyacac","Carr. Dr. Manuel Acal s/n","","52570","(713) 131 74 42","","isabel8764@hotmail.com",0,0,"http://sic.gob.mx/ficha.php?table=centro_cultural&table_id=287","2017-07-25 12:15:07-05"
970,"Centro Cultural del ISSSTE de Chapingo","1984-09-01","Instituto de Seguridad y Servicios Sociales de los Trabajadores del Estado (ISSSTE)",15,"México",99,"Texcoco",1,"Texcoco de Mora","José María Velazco s/n edif. Izcalli","U. H. Emiliano<br>Localidad Chapingo","56230","722 215 73 41","http://www.issste.gob.mx","centroculturalissstechapingo@hotmail.com",0,0,"http://sic.gob.mx/ficha.php?table=centro_cultural&table_id=970","2021-08-12 11:36:25-05"
2249,"Centro Regional de Cultura de Texcoco Casa del Constituyente","1974-03-02","Secretaría de Cultura y Turismo del Gobierno del Estado de México/Dirección de Patrimonio y Servicios Culturales del Valle de Toluca",15,"México",99,"Texcoco",1,"Texcoco de Mora","Nezahualcóyotl 215","Centro","56100","595 954 59 63, 595 952 00 00 ext. 412","https://patrimonioyserviciosc.edomex.gob.mx/texcoco","texcoco.scd.edomex@gmail.com",-98.87974,19.51379,"http://sic.gob.mx/ficha.php?table=centro_cultural&table_id=2249","2024-09-09 18:01:28-06"
2630,"Centro Cultural Mexiquense Bicentenario","2011-08-30","Secretaría de Cultura y Turismo del Gobierno del Estado de México",15,"México",99,"Texcoco",29,"San Miguel Coatlinchán","Carr. Los Reyes-Texcoco km 14.3 esq. Av. Manuel González","","56250","595 952 03 20 ext. 1071","","ccmb.coordinacion@gmail.com; estibaliz.aguayo@edomex.gob.mx",-98.89953,19.45251,"http://sic.gob.mx/ficha.php?table=centro_cultural&table_id=2630","2024-03-19 12:37:29-06"
944,"Casa de Cultura Tezoyuca Nahui Olin","1000-01-01","Ayuntamiento de Tezoyuca",15,"México",100,"Tezoyuca",1,"Tezoyuca","Av. 16 de septiembre, esq. Vicente Valencia","Barrio de la Ascensión","56005","","https://tezoyuca.gob.mx/","casa.cultura@tezoyuca.gob.mx",-98.9063,19.59127,"http://sic.gob.mx/ficha.php?table=centro_cultural&table_id=944","2023-08-14 06:36:27-06"
2250,"Casa de Cultura Profr. Carlos Hank González","1994-01-01","Ayuntamiento de Santiago Tianguistenco/Coordinación de Educación y Cultura",15,"México",101,"Tianguistenco",1,"Santiago Tianguistenco de Galeana","Av. Aldama esq. Independencia s/n","Centro","52600","713 133 54 27","","marconavamartinez@gmail.com",-99.46745,19.18407,"http://sic.gob.mx/ficha.php?table=centro_cultural&table_id=2250","2023-02-16 07:13:34-06"
2276,"Módulo Cultural Multifuncional Santiago Tianguistenco","2008-08-01","U.A.E.M.",15,"México",101,"Tianguistenco",14,"San Pedro Tlaltizapan","Paraje  El Tejocote","San Pedro Tlaltizapán","","722 215 8920 ext. 109","https://www.uaemex.mx/mi-universidad/gabinete-universitario/secretaria-de-difusion-cultural/centro-de-actividades-culturales.html","",-99.51751,19.19658,"http://sic.gob.mx/ficha.php?table=centro_cultural&table_id=2276","2023-08-07 07:47:45-06"
49,"Casa de Cultura Lic. Adolfo López Mateos","1994-09-01","Secretaría de Cultura del Estado de México",15,"México",102,"Timilpan",1,"San Andrés Timilpan","Melchor Ocampo s/n","","50290","7121255031, 7121240156","https://www.timilpan.gob.mx/","",-99.73401,19.8752,"http://sic.gob.mx/ficha.php?table=centro_cultural&table_id=49","2023-07-20 05:09:29-06"
237,"Casa de Cultura Xochipilli","1998-08-28","Ayuntamiento de Tlalmanalco",15,"México",103,"Tlalmanalco",1,"Tlalmanalco de Velázquez","Calle Zaragoza s/n","Centro","56700","597 977 52 04 ext. 222","https://experiencia.edomex.gob.mx/recursos-turisticos/casa-de-cultura-xochipilli-tlalmanalco","",-98.8033,19.20593,"http://sic.gob.mx/ficha.php?table=centro_cultural&table_id=237","2023-09-29 08:10:52-06"
2960,"Centro de la Cultura y las Artes José Emilio Pacheco ","2016-02-23","Ayuntamiento de Tlalnepantla/Instituto Municipal de Cultura y las Artes",15,"México",104,"Tlalnepantla de Baz",1,"Tlalnepantla","Av. Riva Palacio s/n esq. Vallarta","Col. Tlalnepantla Centro","54000","55 5366 4500","","culturayartes.tlalnepantla@gmail.com",-99.19574,19.53649,"http://sic.gob.mx/ficha.php?table=centro_cultural&table_id=2960","2025-01-15 12:14:14-06"
3014,"Casa de Cultura Pedro Labrada Cervantes","1985-07-20","Instituto Municipal de la Cultura y las Artes de Tlalnepantla de Baz",15,"México",104,"Tlalnepantla de Baz",1,"Tlalnepantla","Tepic 27","Col. Constitución de 1917","54190","55 5384 0572","","casastlalne@hotmail.com",-99.08512,19.5316,"http://sic.gob.mx/ficha.php?table=centro_cultural&table_id=3014","2025-04-22 09:21:09-06"
3010,"Casa de Cultura Lázaro Cárdenas","1993-12-31","Instituto Municipal de la Cultura y las Artes de Tlalnepantla de Baz",15,"México",104,"Tlalnepantla de Baz",1,"Tlalnepantla","Acayucan Mz. 422 Lt. 4069","Col. Lázaro Cárdenas","54180","55 5384 0572","","casastlalne@hotmail.com",-99.11942,19.53437,"http://sic.gob.mx/ficha.php?table=centro_cultural&table_id=3010","2023-10-11 07:11:37-06"
3009,"Casa de Cultura José María Velasco","1990-12-31","Instituto Municipal de la Cultura y las Artes de Tlalnepantla de Baz",15,"México",104,"Tlalnepantla de Baz",1,"Tlalnepantla","Fontana s/n","Col. Lomas Boulevares","54020","55 5390 8327","","casastlalne@hotmail.com",-99.21174,19.5708,"http://sic.gob.mx/ficha.php?table=centro_cultural&table_id=3009","2025-05-12 17:13:47-06"
3002,"Casa de Cultura Luis Donaldo Colosio","1993-10-03","Instituto Municipal de la Cultura y las Artes de Tlalnepantla de Baz",15,"México",104,"Tlalnepantla de Baz",1,"Tlalnepantla","Vicente Guerrero s/n","Col. Santa Maria Tlayacampa","54110","55 5384 0572","","casastlalne@hotmail.com",-99.18746,19.57206,"http://sic.gob.mx/ficha.php?table=centro_cultural&table_id=3002","2022-09-21 02:39:09-05"
3001,"Casa de Cultura Sor Juana Inés de la Cruz","1979-08-09","Instituto Municipal de la Cultura y las Artes de Tlalnepantla de Baz",15,"México",104,"Tlalnepantla de Baz",1,"Tlalnepantla","Av. Sor Juana Inés de la Cruz esq. Fulton","Col. Tlalnepantla Centro","54000","","","",0,0,"http://sic.gob.mx/ficha.php?table=centro_cultural&table_id=3001","2019-12-30 09:05:32-06"
3011,"Casa de Cultura Lic. Javier Pérez Olegaray","1996-08-14","Instituto Municipal de la Cultura y las Artes de Tlalnepantla de Baz",15,"México",104,"Tlalnepantla de Baz",1,"Tlalnepantla","Cda. de San Buenaventura s/n","Col. Tabla Honda","54136","(55) 5384 0572","","casastlalne@hotmail.com",-99.18502,19.5524,"http://sic.gob.mx/ficha.php?table=centro_cultural&table_id=3011","2016-12-29 07:49:32-06"
3004,"Casa de Cultura El Arenal","1992-12-16","Instituto Municipal de la Cultura y las Artes de Tlalnepantla de Baz",15,"México",104,"Tlalnepantla de Baz",1,"Tlalnepantla","Toltecas s/n","Col. El Arenal","54000","(55) 53 90 83 27","","casastlalne@hotmail.com",-99.16408,19.53008,"http://sic.gob.mx/ficha.php?table=centro_cultural&table_id=3004","2016-12-27 12:31:56-06"
3008,"Casa de Cultura José C. Ángeles","1993-03-01","Instituto Municipal de la Cultura y las Artes de Tlalnepantla de Baz",15,"México",104,"Tlalnepantla de Baz",1,"Tlalnepantla","División del Norte Manzana 035","Col. División del Norte","54190","55 5565 8293","","casastlalne@hotmail.com",-99.0887,19.51612,"http://sic.gob.mx/ficha.php?table=centro_cultural&table_id=3008","2025-04-16 11:34:27-06"
3013,"Casa de Cultura Lomas de San Andrés","1997-03-01","Instituto Municipal de la Cultura y las Artes de Tlalnepantla de Baz",15,"México",104,"Tlalnepantla de Baz",1,"Tlalnepantla","Monterrey 13","Col. Lomas de San Andrés","54040","(55) 5384 0572","","casastlalne@hotmail.com",-99.22721,19.54295,"http://sic.gob.mx/ficha.php?table=centro_cultural&table_id=3013","2016-12-29 09:00:07-06"
3016,"Casa de Cultura San Felipe Ixtacala","1996-08-22","Instituto Municipal de la Cultura y las Artes de Tlalnepantla de Baz",15,"México",104,"Tlalnepantla de Baz",1,"Tlalnepantla","Xocoyahualco s/n esq. Alfonso Cárdenas  ","Col. San Felipe Ixtacala","54136","(55) 5384 0572","","casastlalne@hotmail.com",-99.17136,19.52161,"http://sic.gob.mx/ficha.php?table=centro_cultural&table_id=3016","2016-12-29 12:14:25-06"
3015,"Casa de Cultura Prado Vallejo","2005-04-10","Asociación de Vecinos de Prado Vallejo",15,"México",104,"Tlalnepantla de Baz",1,"Tlalnepantla","San Juan de Ulua 1","Col. Prado Vallejo","54170","55 7400 9578","","asociacion.prado.vallejo@gmail.com",-99.16581,19.50594,"http://sic.gob.mx/ficha.php?table=centro_cultural&table_id=3015","2025-05-14 17:02:26-06"
3006,"Casa de Cultura Guillermo Padilla Díaz de León","1994-10-03","Instituto Municipal de la Cultura y las Artes de Tlalnepantla de Baz",15,"México",104,"Tlalnepantla de Baz",1,"Tlalnepantla","Cto. Primario s/n","Col. Hugo Cervantes del Rio","54149","55 2627 0520 ","","eiaa.guillermo.padilla@inba.edu.mx",-99.17366,19.55109,"http://sic.gob.mx/ficha.php?table=centro_cultural&table_id=3006","2025-03-26 11:19:11-06"
2206,"Centro Cultural Iztacala","2002-05-09","UNAM/Facultad de Estudios Superiores Iztacala",15,"México",104,"Tlalnepantla de Baz",1,"Tlalnepantla","Av. de los Barrios 1 	","Col. Los Reyes Iztacala","54090","55 5623 1140","http://www.iztacala.unam.mx/upcdc","culturizta@campus.iztacala.unam.mx	",0,0,"http://sic.gob.mx/ficha.php?table=centro_cultural&table_id=2206","2021-04-28 08:28:04-05"
3007,"Casa de Cultura Izcalli Pirámide","1990-12-31","Instituto Municipal de la Cultura y las Artes de Tlalnepantla de Baz",15,"México",104,"Tlalnepantla de Baz",1,"Tlalnepantla","Roma 031 esq. Vaticano","Fracc. Izcalli Pirámide","54140","55 5384 0572","","casastlalne@hotmail.com; casadeculturaizcallipiramide@gmail.com",-99.17432,19.54222,"http://sic.gob.mx/ficha.php?table=centro_cultural&table_id=3007","2024-04-29 08:47:56-06"
3369,"Centro Cultural Rombo Negro","2011-06-07","Particular",15,"México",104,"Tlalnepantla de Baz",1,"Tlalnepantla","Viveros de Asís 13 ","Col. Viveros de la Loma","54080","55 7921 1683","https://www.rombonegro.com.mx/","fotosrombonegro@gmail.com",-99.195,19.53852,"http://sic.gob.mx/ficha.php?table=centro_cultural&table_id=3369","2022-03-07 14:29:45-06"
3012,"Casa de Cultura Loma Bonita (Temporalmente cerrado)","1994-10-28","Instituto Municipal de la Cultura y las Artes de Tlalnepantla de Baz",15,"México",104,"Tlalnepantla de Baz",1,"Tlalnepantla","Pico de Orizaba s/n","Fracc. Loma Bonita","54120","(55) 5384 0572","","casastlalne@hotmail.com",-99.17836,19.55936,"http://sic.gob.mx/ficha.php?table=centro_cultural&table_id=3012","2024-04-30 08:36:41-06"
3017,"Casa de Cultura San Lucas Tepetlacalco (Temporalmente cerrado)","1990-09-18","Instituto Municipal de la Cultura y las Artes de Tlalnepantla de Baz",15,"México",104,"Tlalnepantla de Baz",1,"Tlalnepantla","16 de Septiembre s/n","Col. San Lucas Tepetlacalco","54080","55 9190 8388	","","casastlalne@hotmail.com",-99.22711,19.52434,"http://sic.gob.mx/ficha.php?table=centro_cultural&table_id=3017","2024-05-02 12:43:25-06"
3018,"Casa de Cultura Vista Hermosa","1994-08-06","Instituto Municipal de la Cultura y las Artes de Tlalnepantla de Baz",15,"México",104,"Tlalnepantla de Baz",1,"Tlalnepantla","Productos Químicos de México 4","Col. Vista Hermosa","54080","55 5366 3800","https://tlalnepantla.gob.mx/","ccvistahermosatlalne@gmail.com ",-99.22293,19.51843,"http://sic.gob.mx/ficha.php?table=centro_cultural&table_id=3018","2025-03-27 11:48:33-06"
3028,"Centro Tolzú","2017-12-01","Ayuntamiento de Toluca",15,"México",106,"Toluca",1,"Toluca de Lerdo","Av. Hidalgo 201     ","Col. Santa Clara","50090","722 213 48 93","https://www.centrotolzu.mx/","",-99.65236,19.29028,"http://sic.gob.mx/ficha.php?table=centro_cultural&table_id=3028","2023-02-15 06:34:19-06"
739,"Centro Toluqueño de Escritores","1983-05-10","",15,"México",106,"Toluca",1,"Toluca de Lerdo","Fray Andrés de Castro","Centro","50000","(722) 214 95 68","","contacto.cte.ac@gmail.com",-99.65605,19.29122,"http://sic.gob.mx/ficha.php?table=centro_cultural&table_id=739","2024-03-25 10:58:23-06"
2251,"Centro Regional de Cultura de Toluca","1985-07-01","Secretaría de Cultura y Turismo del Gobierno del Estado de México",15,"México",106,"Toluca",1,"Toluca de Lerdo","Paseo Tollocan esq. Benito Juárez","Col. Amp. Lázaro Cárdenas","50180","722 223 48 72","https://patrimonioyserviciosc.edomex.gob.mx/toluca","",-99.65369,19.27205,"http://sic.gob.mx/ficha.php?table=centro_cultural&table_id=2251","2024-09-09 11:45:53-06"
665,"Alianza Francesa de Toluca","1945-04-04","Alianza Franco Mexicana de Toluca, A.C.",15,"México",106,"Toluca",1,"Toluca de Lerdo","Aquiles Serdán 111","Centro","50000","722 167 11 01","https://alianzafrancesa.org.mx/toluca/centro-cultural/#/","comunicaciontoluca@alianzafr.mx",-99.65938,19.29162,"http://sic.gob.mx/ficha.php?table=centro_cultural&table_id=665","2023-11-24 08:14:32-06"
709,"Centro Cultural del ISSSTE de Toluca","1979-11-05","Instituto de Seguridad y Servicios Sociales de los Trabajadores del Estado (ISSSTE)",15,"México",106,"Toluca",1,"Toluca de Lerdo","Av. Miguel Hidalgo Pte. 1016","San Bernardino","50080","722 215 73 41, 722 215 41 12 y","http://www.issste.gob.mx","alejandro.contreras@issste.gob.mx, doctoragomez13@gmail.com, doctoragomez13@gmail.com",-99.67005,19.29045,"http://sic.gob.mx/ficha.php?table=centro_cultural&table_id=709","2023-10-25 06:03:13-06"
728,"Centro de Actividades Culturales (CEAC)","1992-07-01","Secretaría de Difusión Cultural, U.A.E.M.",15,"México",106,"Toluca",1,"Toluca de Lerdo","Av. Instituto Literario 211","Centro","50000"," 722 215 8920;  22 214 6289","https://ceac.uaemex.mx/"," ceac@uaemex.mx",-99.65159,19.28634,"http://sic.gob.mx/ficha.php?table=centro_cultural&table_id=728","2024-02-13 06:07:44-06"
725,"Centro Cultural Universitario Casa de las Diligencias","2000-04-01","Universidad Autónoma del Estado de México",15,"México",106,"Toluca",1,"Toluca de Lerdo","Av. Juárez Nte. 114 ","Centro","50090","722 215 69 19","","ccu.diligencias@gmail.com; emr@coatepec.uaemex.mx",-99.65431,19.29183,"http://sic.gob.mx/ficha.php?table=centro_cultural&table_id=725","2024-07-16 14:40:02-06"
3054,"Casa de Cultura de Cacalomacán","2012-09-26","Instituto Municipal de Cultura de Toluca",15,"México",106,"Toluca",43,"Cacalomacán","Aquiles Serdán 9","Col. Cacalomacán","50265","(722) 280 88 71","http://www.toluca.gob.mx; www.facebook.com/InstitutoMunicipaldeCulturayArteToluca","estampatedearte@hotmail.com",-99.7081,19.25369,"http://sic.gob.mx/ficha.php?table=centro_cultural&table_id=3054","2018-01-17 12:05:23-06"
687,"Centro Cultural Mexiquense","1987-01-01","Secretaría de Cultura del Estado de México",15,"México",106,"Toluca",64,"San Buenaventura","Blvd. Jesús Reyes Heroles 302","Delg. San Buenaventura","50110","(722) 274 11 31","http://www.toluca.gob.mx/centro-cultural-mexiquense-2/","gemimcdig@mail.edomex.gob.mx",-99.70252,19.27197,"http://sic.gob.mx/ficha.php?table=centro_cultural&table_id=687","2018-06-12 11:42:44-05"
1083,"Centro Cultural Tonatiuh","1987-12-05","Ayuntamiento de Tonatico/Regiduría de Turismo, Asuntos Internacionales y Apoyo al Migrante, Cultura y Recreación",15,"México",107,"Tonatico",1,"Tonatico","Plaza Constitución s/n","Barrio San Gaspar","51950","721 141 04 12","https://www.tonatico.gob.mx","presidencia@tonatico.gob.mx; ayuntamiento@tonatico.gob.mx",-99.67076,18.80207,"http://sic.gob.mx/ficha.php?table=centro_cultural&table_id=1083","2025-06-10 15:58:40-06"
295,"Casa de Cultura Reynalda Morales","1994-08-30","Ayuntamiento de Tonatico",15,"México",107,"Tonatico",1,"Tonatico","Benito Juárez s/n","Barrio San Sebastian","51950","721 141 09 55","https://www.tonatico.gob.mx","casacultareynaldamorales007@gmail.com; educacion.cultura@tonatico.gob.mx",-99.67083,18.80202,"http://sic.gob.mx/ficha.php?table=centro_cultural&table_id=295","2023-08-07 03:40:31-06"
958,"Casa de Cultura Víctor Manuel Urbán Velazco","1994-01-01","Ayuntamiento de Tultepec",15,"México",108,"Tultepec",1,"Tultepec","Morelos s/n","Col. San Rafael Ixtlahuaca","54960","(55) 8441 9365","https://www.facebook.com/pages/Casa-de-Cultura-Victor-Urban-Velasco/150662495086372","educacionyculturatultepec@hotmail.com",0,0,"http://sic.gob.mx/ficha.php?table=centro_cultural&table_id=958","2019-11-07 08:58:32-06"
587,"Casa de Cultura Tultitlán","1997-12-13","Ayuntamiento de Tultitlán",15,"México",109,"Tultitlán",1,"Tultitlán de Mariano Escobedo","Adolfo López Mateos s/n","Barrio San Juan","54900","55 5888 0065","","culturasttul@gmail.com, dect@tultitlan.gob.mx",-99.16456,19.64379,"http://sic.gob.mx/ficha.php?table=centro_cultural&table_id=587","2024-09-12 11:02:04-06"
3442,"Centro Cultural Ágora Elena Poniatowska","2024-02-14","Secretaria de Cultura y Turismo Mexiquense/Ayuntamiento de Tultitlán",15,"México",109,"Tultitlán",25,"San Pablo de las Salinas","Constitucion 1857 Manzana 003","Col. Lomas de Pablo","54930","55 5888 3591","","dect@tultitlan.gob.mx",-99.09313,19.67412,"http://sic.gob.mx/ficha.php?table=centro_cultural&table_id=3442","2024-02-16 10:18:33-06"
3443,"Casa de Cultura y Biblioteca Real del Bosque","2023-03-17","Ayuntamiento de Tultitlán",15,"México",109,"Tultitlán",68,"Fuentes del Valle","Av. Real del Bosque 36","Real del Bosque","54948","55 5888 3591","https://tultitlan.gob.mx/casa-de-cultura-y-biblioteca-real-del-bosque/","casaculturarb@gmail.com;  dect@tultitlan.gob.mx",-99.14063,19.61654,"http://sic.gob.mx/ficha.php?table=centro_cultural&table_id=3443","2024-09-12 11:02:14-06"
1471,"Centro Regional de Cultura Joaquín Arcadio Pagaza","1972-09-22","Ayuntamiento de Valle de Bravo",15,"México",110,"Valle de Bravo",1,"Valle de Bravo","Fray Gregorio Jiménez de la Cuenca s/n","Col. Santa María Huacatlan","51200","(726) 262 49 47","","casaculturavalledebravo@yahoo.com.mx; valleimc@yahoo.com.mx",0,0,"http://sic.gob.mx/ficha.php?table=centro_cultural&table_id=1471","2017-07-27 11:29:24-05"
240,"Casa de Cultura Attezi","1995-01-01","Ayuntamiento de Villa de Allende",15,"México",111,"Villa de Allende",1,"San José Villa de Allende","Libramiento Villa de Allende s/n","Centro","51000","726 269 01 74","","",0,0,"http://sic.gob.mx/ficha.php?table=centro_cultural&table_id=240","2023-07-28 09:28:18-06"
236,"Casa de la Cultura Dr. Jorge Jiménez Cantú","1927-02-01","Ayuntamiento de Villa del Carbón",15,"México",112,"Villa del Carbón",1,"Villa del Carbón","Plaza Hidalgo 2","Centro","54300","(588) 913 03 49","http://www.villadelcarbon.gob.mx/","casadeculturavcmm@hotmail.com",0,0,"http://sic.gob.mx/ficha.php?table=centro_cultural&table_id=236","2017-07-26 13:24:16-05"
73,"Casa de Cultura Tecualoyan","2012-02-06","Ayuntamiento de Villa Guerrero",15,"México",113,"Villa Guerrero",1,"Villa Guerrero","Hidalgo s/n esq. Rosa María García","Centro","51760","714 146 29 27","","chuyacacio@hotmail.com",-99.64233,18.9621,"http://sic.gob.mx/ficha.php?table=centro_cultural&table_id=73","2024-11-20 11:24:48-06"
1360,"Casa de Cultura Miguel Ángel Martínez","2000-01-01","Ayuntamiento Villa Victoria",15,"México",114,"Villa Victoria",1,"Villa Victoria","Auditorio Municipal<br>Plaza Principal Lázaro Cárdenas s/n","Centro","50960","726 251 52 38","","villadevictoria@gmail.com",0,0,"http://sic.gob.mx/ficha.php?table=centro_cultural&table_id=1360","2023-07-28 09:28:40-06"
2265,"Casa del Pueblo","1997-01-01","Ayuntamiento de Villa Victoria",15,"México",114,"Villa Victoria",1,"Villa Victoria","Lázaro Cárdenas s/n","Centro","","726 251 61 95","","",0,0,"http://sic.gob.mx/ficha.php?table=centro_cultural&table_id=2265","2023-07-31 07:25:45-06"
300,"Casa de Cultura Xonacatlán","1994-07-01","Ayuntamiento de Xonacatlán",15,"México",115,"Xonacatlán",1,"Xonacatlán","16 de Septiembre s/n","Col. La Manga","52070","719 286 48 18","","casa.cultura@xonacatlan.gob.mx",0,0,"http://sic.gob.mx/ficha.php?table=centro_cultural&table_id=300","2023-07-31 07:36:52-06"
302,"Casa de la Cultura Sor Juana Inés de la Cruz","1996-12-01","Ayuntamiento de Zacazonapan",15,"México",116,"Zacazonapan",1,"Zacazonapan","Av. Guerrero s/n","Centro","51160","726 262 31 16",""," presidenciamunicipalzacazonapan2224@outlook.es",-100.25554,19.07078,"http://sic.gob.mx/ficha.php?table=centro_cultural&table_id=302","2023-07-31 04:18:25-06"
301,"Casa de la Cultura Joaquín Velázquez Cárdenas y León","1996-01-01","Secretaría de Cultura del Estado de México",15,"México",117,"Zacualpan",1,"Zacualpan","Plaza del Panteón s/n","","51800","721 147 7059","https://ipomex2.ipomex.org.mx/ipo3/lgt/indice/ZACUALPAN.web","co_educacion2022@gmail.com",-99.77493,18.72368,"http://sic.gob.mx/ficha.php?table=centro_cultural&table_id=301","2023-08-15 05:51:57-06"
2266,"Casa de Cultura Matilde Zuñiga","2002-03-19","Ayuntamiento de Zinacantepec",15,"México",118,"Zinacantepec",1,"San Miguel Zinacantepec","Benito Juárez 205","Barrio de San Miguel","31350","(722) 190 44 91","http://www.zinacantepec.gob.mx","casadeculturaMZ@hotmail.com",0,0,"http://sic.gob.mx/ficha.php?table=centro_cultural&table_id=2266","2018-09-24 08:06:24-05"
588,"Casa de la Cultura Wenceslao Labra","1989-07-01","Ayuntamiento de Zumpango/Dirección de Cultura",15,"México",120,"Zumpango",1,"Zumpango de Ocampo","Zaragoza s/n ","Barrio de Santiago 1ra. Sección","55600","591 917 00 16","","educacionjefatura@gmail.com",-99.10123,19.79969,"http://sic.gob.mx/ficha.php?table=centro_cultural&table_id=588","2024-01-24 07:21:35-06"
1227,"Centro Regional de Cultura de Cuautitlán Izcalli","1985-12-17","Secretaría de Cultura y Deporte del Estado de México",15,"México",121,"Cuautitlán Izcalli",1,"Cuautitlán Izcalli","Av. Huixquilucan s/n","Centro Urbano","54730","55 5871 5316","","cuautitlanizcalliimc@yahoo.com.mx",-99.20536,19.6581,"http://sic.gob.mx/ficha.php?table=centro_cultural&table_id=1227","2025-04-23 13:08:38-06"
3769,"Casa de Cultura de Tononitla","1000-01-01","Ayuntamiento de Tonanitla",15,"México",125,"Tonanitla",1,"Santa María Tonanitla","Av. 20 de Noviembre s/n","Centro","55785","55 4220 5537","","educacionycultura@tonanitla.gob.mx",-99.05064,19.68721,"http://sic.gob.mx/ficha.php?table=centro_cultural&table_id=3769","2024-05-09 11:10:57-06"
